"NameInList","SuccessPercentage","LastPingStatus","PingedFrom"
"KULDT333251","0","Ping Job Failed","Ping Job Failed"
"KULDT270970","0","Ping Job Failed","Ping Job Failed"
"KULDT184263","0","Ping Job Failed","Ping Job Failed"
"KULDT327497A","0","Ping Job Failed","Ping Job Failed"
"KULDT754246","0","Ping Job Failed","Ping Job Failed"
"KULDT161946","0","Ping Job Failed","Ping Job Failed"
"KULDT295394","0","Ping Job Failed","Ping Job Failed"
"KULTCA00266","0","Ping Job Failed","Ping Job Failed"
"KULDT204272","0","Ping Job Failed","Ping Job Failed"
"KULDT388150","0","Ping Job Failed","Ping Job Failed"
"KULDT336638C","0","Ping Job Failed","Ping Job Failed"
"KULTCA00316","0","Ping Job Failed","Ping Job Failed"
"KULDTSMT9010","0","Ping Job Failed","Ping Job Failed"
"KULDT276349","0","Ping Job Failed","Ping Job Failed"
"KULDT176560","0","Ping Job Failed","Ping Job Failed"
"KULDT262058","0","Ping Job Failed","Ping Job Failed"
"KULDT335821","0","Ping Job Failed","Ping Job Failed"
"KULDT183446","0","Ping Job Failed","Ping Job Failed"
"KULDT112936","0","Ping Job Failed","Ping Job Failed"
"KULDT3706","0","Ping Job Failed","Ping Job Failed"
"KULDT626217","0","Ping Job Failed","Ping Job Failed"
"KULDT256598","0","Ping Job Failed","Ping Job Failed"
"KULDT372520","0","Ping Job Failed","Ping Job Failed"
"KULTCA00339","0","Ping Job Failed","Ping Job Failed"
"KULDT702075","0","Ping Job Failed","Ping Job Failed"
"KULDT343669","0","Ping Job Failed","Ping Job Failed"
"KULDT381860","0","Ping Job Failed","Ping Job Failed"
"KULDT379569","0","Ping Job Failed","Ping Job Failed"
"KULDT178442","0","Ping Job Failed","Ping Job Failed"
"KULTCA00178","0","Ping Job Failed","Ping Job Failed"
"KULTCA00330","0","Ping Job Failed","Ping Job Failed"
"KULDT129379","0","Ping Job Failed","Ping Job Failed"
"KULDT169262","0","Ping Job Failed","Ping Job Failed"
"KULTCA00308","0","Ping Job Failed","Ping Job Failed"
"KULTCA00351","0","Ping Job Failed","Ping Job Failed"
"KULDT551200","0","Ping Job Failed","Ping Job Failed"
"KULDT417486","0","Ping Job Failed","Ping Job Failed"
"KULDT846346","0","Ping Job Failed","Ping Job Failed"
"KULDT157361","0","Ping Job Failed","Ping Job Failed"
"KULDT278706","0","Ping Job Failed","Ping Job Failed"
"KULDT191634","0","Ping Job Failed","Ping Job Failed"
"KULDT321428","0","Ping Job Failed","Ping Job Failed"
"KULDT459530","0","Ping Job Failed","Ping Job Failed"
"KULDT292133","0","Ping Job Failed","Ping Job Failed"
"KULDT178645","0","Ping Job Failed","Ping Job Failed"
"KULDT148363","0","Ping Job Failed","Ping Job Failed"
"KULDT329219","0","Ping Job Failed","Ping Job Failed"
"KULDT143685","0","Ping Job Failed","Ping Job Failed"
"KULTCA00247","0","Ping Job Failed","Ping Job Failed"
"KULTCA00361","0","Ping Job Failed","Ping Job Failed"
"KULDT246599","0","Ping Job Failed","Ping Job Failed"
"KULDT616326","0","Ping Job Failed","Ping Job Failed"
"KULTCA00068","0","Ping Job Failed","Ping Job Failed"
"KULDT263631","0","Ping Job Failed","Ping Job Failed"
"KULDT334879","0","Ping Job Failed","Ping Job Failed"
"KULDT387545","0","Ping Job Failed","Ping Job Failed"
"KULDT296762","0","Ping Job Failed","Ping Job Failed"
"KULDT300858","0","Ping Job Failed","Ping Job Failed"
"KULDT140178","0","Ping Job Failed","Ping Job Failed"
"KULTCA00313","0","Ping Job Failed","Ping Job Failed"
"KULTCA00230","0","Ping Job Failed","Ping Job Failed"
"KULDT373075","0","Ping Job Failed","Ping Job Failed"
"KULDT113717","0","Ping Job Failed","Ping Job Failed"
"KULTCA00317","0","Ping Job Failed","Ping Job Failed"
"KULDT283961","0","Ping Job Failed","Ping Job Failed"
"KULTCA00291","0","Ping Job Failed","Ping Job Failed"
"KULTCA00369","0","Ping Job Failed","Ping Job Failed"
"KULTCA00309","0","Ping Job Failed","Ping Job Failed"
"KULDT252601","0","Ping Job Failed","Ping Job Failed"
"KULDT389384","0","Ping Job Failed","Ping Job Failed"
"KULDT494652","0","Ping Job Failed","Ping Job Failed"
"KULDT550929","0","Ping Job Failed","Ping Job Failed"
"KULDT157857","0","Ping Job Failed","Ping Job Failed"
"KULDT212798","100","Ping Job Failed","Ping Job Failed"
"KULDT433300","100","Ping Job Failed","Ping Job Failed"
